nama,umur,kota
Adi Nugroho,9,Bekasi
Zaki Putri,66,Bandung
Wati Kusuma,56,Bogor
Kiki Putri,48,Makassar
Vina Saputra,26,Depok
Umar Hidayat,16,Palembang
Citra Saputra,5,Surabaya
Adi Kusuma,19,Yogyakarta
Dewi Putri,8,Depok
Yudi Sari,17,Bekasi
Fajar Nugroho,19,Bekasi
Dewi Putri,6,Yogyakarta
Lina Hidayat,10,Palembang
Vina Permata,9,Surabaya
Eka Santoso,32,Surabaya
Qori Kusuma,28,Bekasi
Vina Putri,66,Balikpapan
Kiki Kusuma,46,Balikpapan
Budi Saputra,50,Makassar
Gita Nugroho,43,Denpasar
Sari Sari,19,Bekasi
Joko Putri,19,Bandung
Wati Pratama,43,Malang
Yudi Hidayat,68,Denpasar
Tono Sari,39,Denpasar
Umar Kusuma,52,Malang
Vina Saputra,21,Jakarta
Putra Kusuma,36,Balikpapan
Oka Santoso,69,Makassar
Sari Nugroho,32,Surabaya
Yudi Putri,56,Denpasar
Dewi Nugroho,2,Yogyakarta
Rina Sari,65,Malang
Lina Santoso,30,Semarang
Fajar Kusuma,67,Semarang
Gita Wijaya,50,Palembang
Rina Saputra,58,Surabaya
Eka Hidayat,62,Balikpapan
Vina Saputra,23,Depok
Lina Hidayat,13,Bandung
Tono Permata,34,Balikpapan
Maya Permata,63,Makassar
Kiki Sari,61,Depok
Umar Hidayat,46,Bekasi
Vina Saputra,57,Jakarta
Indra Nugroho,62,Jakarta
Qori Wijaya,55,Bekasi
Adi Saputra,50,Depok
Hadi Nugroho,14,Tangerang
Umar Putri,39,Balikpapan
Yudi Kusuma,16,Makassar
Hadi Hidayat,7,Malang
Adi Saputra,30,Balikpapan
Dewi Pratama,28,Medan
Maya Pratama,59,Palembang
Yudi Santoso,20,Surabaya
Putra Saputra,35,Tangerang
Fajar Saputra,47,Bogor
Umar Pratama,24,Malang
Oka Nugroho,63,Bogor
Citra Nugroho,51,Semarang
Putra Santoso,67,Malang
Yudi Wijaya,54,Balikpapan
Citra Permata,67,Palembang
Qori Wijaya,39,Makassar
Sari Permata,29,Depok
Vina Santoso,51,Malang
Putra Nugroho,3,Yogyakarta
Fajar Sari,49,Depok
Citra Santoso,54,Bekasi
Lina Wijaya,53,Palembang
Yudi Putri,35,Medan
Dewi Permata,1,Yogyakarta
Zaki Saputra,70,Semarang
Tono Putri,61,Denpasar
Dewi Nugroho,17,Yogyakarta
Adi Nugroho,38,Jakarta
Dewi Kusuma,24,Bekasi
Vina Hidayat,60,Jakarta
Dewi Kusuma,28,Denpasar
Budi Saputra,50,Balikpapan
Vina Nugroho,19,Medan
Tono Wijaya,30,Surabaya
Zaki Saputra,63,Depok
Rina Saputra,20,Bekasi
Zaki Nugroho,14,Surabaya
Wati Putri,26,Yogyakarta
Nina Santoso,26,Medan
Oka Wijaya,56,Balikpapan
Budi Putri,39,Medan
Joko Santoso,10,Bandung
Budi Permata,53,Palembang
Nina Wijaya,44,Denpasar
Budi Hidayat,9,Depok
Lina Saputra,24,Surabaya
Joko Sari,4,Yogyakarta
Oka Putri,61,Semarang
Maya Nugroho,48,Denpasar
Yudi Permata,56,Balikpapan
Joko Wijaya,31,Jakarta
Fajar Wijaya,30,Balikpapan
Sari Saputra,56,Jakarta
Tono Saputra,12,Depok
Hadi Wijaya,55,Depok
Eka Saputra,25,Semarang
Rina Saputra,42,Tangerang
Citra Putri,13,Palembang
Indra Hidayat,12,Bekasi
Wati Wijaya,12,Malang
Rina Saputra,27,Depok
Umar Permata,68,Denpasar
Vina Pratama,5,Jakarta
Zaki Santoso,41,Semarang
Budi Saputra,19,Medan
Putra Putri,57,Yogyakarta
Joko Santoso,53,Makassar
Oka Hidayat,42,Denpasar
Fajar Putri,46,Surabaya
Maya Pratama,61,Tangerang
Oka Santoso,5,Bogor
Zaki Saputra,3,Makassar
Gita Saputra,38,Jakarta
Hadi Sari,18,Bandung
Hadi Kusuma,22,Bogor
Gita Saputra,31,Medan
Qori Wijaya,2,Bekasi
Qori Saputra,57,Medan
Fajar Permata,62,Bandung
Tono Nugroho,66,Yogyakarta
Vina Nugroho,28,Bekasi
Kiki Sari,3,Yogyakarta
Adi Kusuma,4,Malang
Indra Sari,29,Balikpapan
Kiki Santoso,63,Makassar
Eka Permata,45,Surabaya
Hadi Nugroho,36,Palembang
Citra Nugroho,36,Bandung
Zaki Saputra,29,Medan
Yudi Nugroho,69,Bekasi
Kiki Nugroho,44,Bekasi
Zaki Pratama,31,Bekasi
Oka Saputra,4,Malang
Fajar Kusuma,66,Makassar
Citra Pratama,3,Malang
Fajar Permata,41,Balikpapan
Nina Santoso,4,Medan
Indra Kusuma,5,Palembang
Dewi Santoso,44,Bandung
Gita Santoso,11,Balikpapan
Sari Saputra,60,Bandung
Qori Santoso,32,Jakarta
Sari Saputra,54,Bogor
Dewi Pratama,57,Yogyakarta
Adi Pratama,51,Surabaya
Rina Putri,58,Tangerang
Citra Pratama,50,Makassar
Eka Pratama,59,Malang
Eka Putri,10,Jakarta
Citra Permata,23,Malang
Lina Santoso,70,Semarang
Vina Kusuma,69,Palembang
Sari Kusuma,50,Bogor
Qori Nugroho,58,Jakarta
Joko Pratama,20,Denpasar
Vina Santoso,37,Bekasi
Yudi Putri,14,Tangerang
Putra Hidayat,17,Surabaya
Tono Putri,61,Tangerang
Qori Nugroho,5,Bogor
Vina Wijaya,43,Tangerang
Fajar Santoso,57,Denpasar
Sari Permata,22,Malang
Tono Hidayat,46,Makassar
Citra Putri,53,Tangerang
Wati Permata,20,Semarang
Adi Permata,42,Yogyakarta
Adi Santoso,58,Bandung
Budi Santoso,16,Balikpapan
Rina Kusuma,68,Semarang
Rina Hidayat,3,Bandung
Hadi Putri,69,Denpasar
Dewi Wijaya,54,Tangerang
Wati Kusuma,52,Medan
Gita Kusuma,59,Bogor
Maya Kusuma,8,Bandung
Yudi Hidayat,52,Yogyakarta
Eka Nugroho,23,Makassar
Dewi Santoso,5,Semarang
Gita Pratama,47,Yogyakarta
Dewi Permata,16,Bekasi
Hadi Nugroho,62,Bandung
Sari Santoso,69,Yogyakarta
Lina Wijaya,40,Bogor
Sari Putri,60,Denpasar
Kiki Sari,61,Bandung
Budi Santoso,59,Bogor
Gita Hidayat,57,Surabaya
Budi Wijaya,11,Surabaya
Zaki Kusuma,2,Denpasar
Vina Hidayat,37,Surabaya
Hadi Hidayat,18,Tangerang
Putra Wijaya,45,Bogor
Budi Nugroho,52,Yogyakarta
Fajar Santoso,29,Yogyakarta
Joko Santoso,3,Yogyakarta
Kiki Pratama,27,Yogyakarta
Gita Santoso,23,Bandung
Lina Permata,17,Malang
Indra Wijaya,32,Bekasi
Dewi Pratama,57,Malang
Zaki Sari,62,Surabaya
Putra Kusuma,26,Semarang
Nina Sari,57,Bandung
Wati Wijaya,67,Bandung
Vina Nugroho,10,Bogor
Vina Pratama,52,Makassar
Eka Nugroho,70,Depok
Umar Pratama,27,Makassar
Rina Sari,18,Semarang
Wati Santoso,20,Makassar
Yudi Kusuma,39,Palembang
Vina Wijaya,37,Balikpapan
Rina Wijaya,47,Yogyakarta
Tono Wijaya,54,Depok
Budi Putri,46,Denpasar
Kiki Wijaya,54,Balikpapan
Hadi Pratama,64,Depok
Zaki Putri,28,Surabaya
Hadi Wijaya,36,Denpasar
Kiki Hidayat,27,Makassar
Zaki Kusuma,6,Surabaya
Lina Hidayat,16,Tangerang
Vina Saputra,66,Yogyakarta
Lina Santoso,47,Bandung
Vina Pratama,64,Jakarta
Vina Sari,59,Medan
Kiki Putri,55,Balikpapan
Tono Wijaya,19,Balikpapan
Dewi Sari,9,Yogyakarta
Budi Pratama,38,Tangerang
Gita Sari,43,Palembang
Indra Saputra,34,Denpasar
Oka Saputra,33,Semarang
Oka Nugroho,8,Balikpapan
Wati Putri,15,Bandung
Vina Nugroho,18,Bekasi
Budi Hidayat,45,Medan
Tono Wijaya,37,Yogyakarta
Fajar Permata,64,Palembang
Tono Permata,24,Jakarta
Wati Putri,40,Tangerang
Fajar Nugroho,59,Bekasi
Umar Kusuma,4,Yogyakarta
Eka Putri,21,Depok
Zaki Santoso,22,Denpasar
Qori Pratama,63,Bandung
Rina Santoso,58,Surabaya
Maya Pratama,68,Palembang
Maya Santoso,58,Bekasi
Fajar Kusuma,31,Bekasi
Citra Hidayat,39,Makassar
Adi Hidayat,15,Bogor
Vina Permata,15,Denpasar
Dewi Putri,16,Balikpapan
Wati Wijaya,19,Bandung
Maya Wijaya,17,Depok
Zaki Permata,60,Semarang
Rina Kusuma,66,Makassar
Sari Putri,23,Bandung
Nina Santoso,29,Tangerang
Oka Putri,36,Bekasi
Adi Hidayat,61,Tangerang
Adi Santoso,43,Bogor
Umar Nugroho,2,Jakarta
Sari Putri,1,Tangerang
Zaki Kusuma,3,Surabaya
Putra Sari,68,Bogor
Sari Santoso,61,Makassar
Dewi Saputra,29,Makassar
Yudi Sari,32,Bandung
Oka Sari,34,Tangerang
Indra Sari,58,Medan
Qori Pratama,3,Bogor
Joko Saputra,21,Semarang
Lina Putri,55,Bogor
Eka Kusuma,9,Bogor
Oka Saputra,59,Denpasar
Rina Pratama,69,Denpasar
Budi Sari,27,Palembang
Rina Permata,49,Medan
Kiki Saputra,46,Makassar
Kiki Kusuma,10,Makassar
Tono Wijaya,57,Jakarta
Qori Permata,22,Jakarta
Putra Nugroho,44,Yogyakarta
Oka Permata,45,Bandung
Gita Pratama,38,Balikpapan
Adi Wijaya,9,Denpasar
Kiki Pratama,60,Semarang
Citra Permata,30,Medan
Rina Sari,19,Jakarta
Gita Permata,14,Tangerang
Maya Wijaya,64,Makassar
Joko Santoso,6,Malang
Tono Kusuma,6,Depok
Wati Permata,26,Denpasar
Lina Sari,13,Surabaya
Wati Hidayat,19,Bandung
Yudi Kusuma,16,Malang
Umar Wijaya,56,Malang
Adi Wijaya,52,Makassar
Tono Sari,64,Yogyakarta
Joko Santoso,69,Balikpapan
Adi Nugroho,12,Depok
Citra Hidayat,17,Bandung
Hadi Sari,65,Bandung
Kiki Nugroho,48,Makassar
Yudi Wijaya,17,Surabaya
Maya Hidayat,29,Surabaya
Kiki Santoso,11,Surabaya
Sari Permata,15,Makassar
Wati Kusuma,68,Surabaya
Citra Nugroho,24,Yogyakarta
Gita Permata,50,Malang
Fajar Nugroho,10,Malang
Nina Santoso,14,Surabaya
Qori Pratama,19,Surabaya
Citra Nugroho,18,Makassar
Lina Sari,34,Makassar
Umar Pratama,39,Makassar
Yudi Saputra,29,Medan
Zaki Nugroho,59,Malang
Rina Kusuma,38,Denpasar
Tono Saputra,64,Bekasi
Nina Sari,60,Makassar
Citra Kusuma,20,Semarang
Putra Sari,47,Semarang
Dewi Hidayat,52,Palembang
Fajar Permata,10,Balikpapan
Wati Nugroho,55,Bandung
Vina Pratama,20,Yogyakarta
Budi Pratama,30,Malang
Kiki Hidayat,54,Jakarta
Dewi Hidayat,12,Balikpapan
Nina Permata,44,Makassar
Nina Hidayat,37,Balikpapan
Tono Wijaya,67,Semarang
Lina Kusuma,44,Depok
Tono Nugroho,68,Malang
Tono Putri,62,Makassar
Qori Kusuma,49,Medan
Kiki Putri,70,Yogyakarta
Budi Saputra,10,Tangerang
Maya Permata,35,Makassar
Maya Nugroho,48,Jakarta
Joko Saputra,19,Bogor
Maya Permata,67,Bogor
Oka Permata,69,Palembang
Lina Santoso,40,Tangerang
Putra Saputra,18,Semarang
Putra Kusuma,10,Bekasi
Qori Saputra,53,Jakarta
Indra Putri,12,Depok
Lina Permata,9,Makassar
Vina Hidayat,4,Malang
Vina Saputra,69,Makassar
Maya Saputra,67,Makassar
Gita Sari,17,Yogyakarta
Indra Saputra,62,Bandung
Dewi Sari,20,Surabaya
Zaki Saputra,21,Depok
Joko Santoso,26,Semarang
Yudi Kusuma,14,Denpasar
Umar Permata,5,Palembang
Rina Saputra,20,Balikpapan
Qori Hidayat,13,Jakarta
Budi Permata,55,Yogyakarta
Maya Permata,7,Tangerang
Yudi Putri,59,Medan
Citra Putri,48,Makassar
Dewi Nugroho,13,Tangerang
Rina Putri,26,Surabaya
Hadi Saputra,24,Depok
Dewi Wijaya,13,Makassar
Putra Saputra,2,Medan
Yudi Nugroho,27,Palembang
Hadi Putri,42,Jakarta
Umar Nugroho,55,Semarang
Umar Putri,69,Depok
Sari Nugroho,27,Depok
Wati Saputra,67,Semarang
Wati Permata,26,Bogor
Kiki Nugroho,67,Balikpapan
Qori Permata,27,Denpasar
Gita Pratama,31,Balikpapan
Wati Nugroho,37,Jakarta
Hadi Pratama,64,Surabaya
Indra Putri,59,Semarang
Umar Hidayat,1,Balikpapan
Kiki Santoso,10,Semarang
Oka Santoso,16,Tangerang
Fajar Kusuma,48,Makassar
Dewi Wijaya,10,Makassar
Vina Putri,27,Malang
Lina Wijaya,38,Yogyakarta
Zaki Hidayat,47,Jakarta
Maya Kusuma,34,Tangerang
Indra Pratama,65,Tangerang
Adi Kusuma,15,Denpasar
Vina Permata,61,Medan
Hadi Sari,14,Palembang
Rina Kusuma,23,Jakarta
Citra Permata,47,Denpasar
Maya Pratama,70,Semarang
Tono Santoso,36,Jakarta
Maya Kusuma,37,Makassar
Citra Wijaya,9,Denpasar
Gita Permata,60,Denpasar
Zaki Hidayat,46,Bogor
Indra Hidayat,45,Semarang
Tono Permata,30,Balikpapan
Fajar Hidayat,44,Semarang
Dewi Nugroho,49,Malang
Gita Putri,69,Malang
Kiki Pratama,66,Semarang
Lina Wijaya,7,Denpasar
Joko Permata,31,Balikpapan
Kiki Pratama,41,Tangerang
Vina Kusuma,56,Denpasar
Hadi Putri,70,Semarang
Citra Hidayat,68,Malang
Wati Saputra,19,Bandung
Sari Hidayat,49,Depok
Putra Saputra,52,Bekasi
Qori Nugroho,13,Bandung
Putra Nugroho,15,Semarang
Indra Saputra,42,Surabaya
Budi Kusuma,16,Bogor
Tono Santoso,35,Tangerang
Adi Saputra,15,Medan
Maya Permata,55,Bekasi
Hadi Nugroho,40,Medan
Lina Permata,52,Medan
Eka Permata,47,Jakarta
Zaki Pratama,43,Depok
Fajar Putri,25,Yogyakarta
Qori Hidayat,22,Jakarta
Tono Hidayat,66,Semarang
Umar Permata,43,Bogor
Gita Kusuma,68,Makassar
Umar Kusuma,5,Semarang
Budi Saputra,6,Medan
Dewi Pratama,61,Malang
Eka Putri,32,Yogyakarta
Hadi Saputra,51,Surabaya
Adi Sari,29,Balikpapan
Zaki Wijaya,42,Yogyakarta
Maya Saputra,2,Makassar
Tono Hidayat,33,Denpasar
Gita Permata,26,Bandung
Fajar Kusuma,34,Surabaya
Maya Wijaya,65,Yogyakarta
Sari Hidayat,19,Makassar
Zaki Wijaya,24,Jakarta
Rina Hidayat,22,Surabaya
Putra Saputra,7,Jakarta
Indra Santoso,4,Balikpapan
Citra Nugroho,47,Tangerang
Joko Pratama,28,Palembang
Fajar Kusuma,69,Depok
Adi Kusuma,58,Bandung
Oka Pratama,44,Bandung
Sari Hidayat,51,Denpasar
Indra Nugroho,19,Depok
Kiki Putri,21,Surabaya
Putra Saputra,28,Balikpapan
Citra Kusuma,50,Malang
Eka Kusuma,26,Jakarta
Nina Pratama,35,Tangerang
Maya Santoso,46,Denpasar
Eka Saputra,41,Balikpapan
Citra Wijaya,47,Semarang
Joko Nugroho,23,Makassar
Putra Kusuma,36,Semarang
Umar Hidayat,5,Tangerang
Umar Wijaya,11,Surabaya
Lina Putri,26,Yogyakarta
Joko Putri,63,Surabaya
Qori Sari,10,Malang
Umar Pratama,9,Makassar
Fajar Permata,52,Makassar
Zaki Saputra,7,Balikpapan
Hadi Hidayat,24,Semarang
Eka Santoso,2,Palembang
Putra Pratama,8,Balikpapan
Indra Kusuma,5,Medan
Tono Sari,7,Bogor
Oka Sari,14,Bandung
Tono Wijaya,19,Surabaya
Nina Pratama,38,Semarang
Hadi Wijaya,28,Tangerang
Wati Sari,24,Jakarta
Yudi Sari,26,Denpasar
Lina Kusuma,18,Balikpapan
Lina Putri,40,Palembang
Zaki Pratama,43,Balikpapan
Gita Wijaya,38,Balikpapan
Umar Putri,67,Medan
Zaki Kusuma,69,Semarang
Wati Saputra,35,Balikpapan
Maya Saputra,32,Bogor
Umar Putri,17,Malang
Fajar Nugroho,26,Surabaya
Tono Kusuma,53,Medan
Zaki Hidayat,4,Jakarta
Hadi Sari,57,Palembang
Dewi Hidayat,22,Denpasar
Budi Santoso,59,Makassar
Indra Hidayat,52,Makassar
Rina Santoso,59,Surabaya
Putra Santoso,33,Bekasi
Indra Wijaya,35,Bekasi
Dewi Wijaya,59,Balikpapan
Umar Putri,20,Bekasi
Indra Putri,13,Palembang
Budi Hidayat,38,Jakarta
Eka Nugroho,56,Palembang
Qori Putri,24,Medan
Lina Permata,41,Surabaya
Eka Santoso,57,Jakarta
Indra Permata,58,Balikpapan
Gita Saputra,54,Tangerang
Zaki Sari,43,Denpasar
Budi Permata,12,Balikpapan
Qori Saputra,8,Denpasar
Joko Wijaya,28,Depok
Budi Permata,16,Makassar
Citra Putri,22,Tangerang
Adi Wijaya,13,Tangerang
Lina Kusuma,60,Malang
Joko Putri,23,Medan
Nina Kusuma,52,Surabaya
Joko Pratama,43,Yogyakarta
Zaki Permata,14,Makassar
Fajar Sari,55,Bogor
Eka Pratama,64,Depok
Putra Pratama,6,Yogyakarta
Putra Saputra,50,Palembang
Kiki Kusuma,48,Balikpapan
Hadi Kusuma,62,Bandung
Lina Saputra,48,Bekasi
Rina Wijaya,5,Bandung
Eka Sari,32,Surabaya
Wati Nugroho,1,Makassar
Zaki Hidayat,16,Tangerang
Oka Hidayat,30,Surabaya
Vina Putri,56,Makassar
Fajar Putri,31,Makassar
Eka Wijaya,66,Depok
Oka Sari,50,Tangerang
Hadi Saputra,68,Bandung
Fajar Putri,2,Palembang
Joko Nugroho,2,Jakarta
Sari Santoso,26,Tangerang
Eka Wijaya,2,Medan
Fajar Kusuma,7,Bandung
Nina Kusuma,41,Tangerang
Yudi Wijaya,49,Bogor
Joko Saputra,26,Palembang
Zaki Kusuma,48,Bandung
Maya Wijaya,30,Malang
Adi Hidayat,33,Makassar
Rina Wijaya,34,Balikpapan
Dewi Saputra,48,Yogyakarta
Maya Putri,16,Medan
Lina Hidayat,54,Medan
Umar Putri,22,Jakarta
Nina Saputra,40,Bekasi
Qori Kusuma,44,Bogor
Vina Hidayat,63,Palembang
Nina Kusuma,55,Bekasi
Vina Santoso,63,Surabaya
Indra Putri,63,Makassar
Qori Hidayat,20,Semarang
Gita Nugroho,4,Bekasi
Qori Pratama,46,Bandung
Wati Sari,45,Bekasi
Putra Putri,52,Surabaya
Vina Permata,28,Malang
Nina Putri,57,Malang
Qori Santoso,50,Bekasi
Maya Nugroho,50,Bandung
Lina Putri,17,Depok
Oka Hidayat,59,Malang
Oka Santoso,63,Depok
Zaki Sari,29,Balikpapan
Qori Wijaya,53,Depok
Adi Sari,56,Jakarta
Wati Hidayat,67,Semarang
Gita Permata,32,Balikpapan
Fajar Wijaya,35,Depok
Dewi Kusuma,61,Balikpapan
Nina Nugroho,25,Denpasar
Lina Permata,8,Surabaya
Umar Putri,52,Depok
Nina Wijaya,65,Bandung
Putra Pratama,39,Balikpapan
Wati Pratama,41,Yogyakarta
Eka Kusuma,41,Tangerang
Vina Putri,65,Makassar
Wati Nugroho,23,Tangerang
Gita Wijaya,43,Semarang
Rina Pratama,57,Bekasi
Budi Permata,64,Bogor
Nina Pratama,14,Tangerang
Nina Permata,59,Denpasar
Sari Permata,5,Medan
Gita Hidayat,67,Yogyakarta
Qori Saputra,32,Bekasi
Lina Wijaya,64,Depok
Tono Saputra,19,Bekasi
Wati Kusuma,14,Medan
Wati Pratama,22,Balikpapan
Nina Hidayat,69,Bekasi
Indra Permata,3,Bandung
Umar Permata,4,Malang
Dewi Saputra,61,Makassar
Kiki Pratama,45,Tangerang
Wati Permata,11,Yogyakarta
Qori Nugroho,8,Palembang
Vina Nugroho,10,Bogor
Kiki Nugroho,36,Makassar
Dewi Wijaya,31,Depok
Yudi Wijaya,62,Bogor
Eka Wijaya,52,Balikpapan
Lina Sari,68,Depok
Budi Pratama,13,Bogor
Oka Santoso,30,Denpasar
Zaki Saputra,64,Denpasar
Dewi Wijaya,19,Balikpapan
Qori Nugroho,25,Depok
Eka Putri,54,Depok
Budi Nugroho,51,Malang
Nina Sari,21,Makassar
Hadi Permata,63,Bekasi
Qori Saputra,19,Palembang
Adi Sari,50,Denpasar
Gita Saputra,69,Tangerang
Gita Saputra,44,Semarang
Adi Wijaya,9,Semarang
Tono Kusuma,1,Tangerang
Yudi Sari,57,Jakarta
Tono Nugroho,56,Palembang
Oka Hidayat,19,Depok
Wati Kusuma,25,Balikpapan
Nina Hidayat,35,Bandung
Joko Putri,64,Bekasi
Zaki Putri,14,Palembang
Yudi Hidayat,24,Surabaya
Indra Sari,61,Bogor
Qori Sari,30,Balikpapan
Oka Permata,59,Malang
Citra Permata,34,Depok
Putra Putri,34,Palembang
Zaki Sari,10,Bogor
Budi Kusuma,21,Palembang
Umar Nugroho,50,Yogyakarta
Nina Wijaya,6,Surabaya
Umar Santoso,3,Bekasi
Adi Saputra,11,Denpasar
Joko Wijaya,11,Malang
Hadi Nugroho,38,Semarang
Sari Nugroho,62,Depok
Kiki Sari,61,Depok
Umar Sari,21,Denpasar
Qori Wijaya,6,Tangerang
Citra Permata,63,Bekasi
Wati Pratama,34,Makassar
Oka Putri,2,Malang
Tono Kusuma,18,Jakarta
Qori Saputra,21,Tangerang
Gita Santoso,15,Jakarta
Qori Pratama,29,Tangerang
Indra Kusuma,39,Bogor
Rina Sari,38,Bekasi
Zaki Putri,64,Malang
Hadi Kusuma,58,Medan
Sari Permata,50,Bandung
Indra Saputra,26,Denpasar
Sari Wijaya,4,Yogyakarta
Oka Sari,42,Denpasar
Dewi Putri,50,Balikpapan
Wati Pratama,11,Bandung
Fajar Hidayat,11,Surabaya
Zaki Nugroho,1,Medan
Citra Pratama,67,Makassar
Budi Permata,22,Bandung
Indra Putri,59,Denpasar
Eka Permata,36,Makassar
Citra Permata,17,Jakarta
Gita Nugroho,55,Bogor
Oka Hidayat,27,Palembang
Eka Putri,41,Bekasi
Nina Sari,53,Palembang
Yudi Saputra,16,Yogyakarta
Lina Permata,26,Medan
Nina Sari,62,Bogor
Oka Permata,57,Medan
Hadi Saputra,21,Surabaya
Umar Santoso,61,Tangerang
Citra Sari,27,Palembang
Budi Kusuma,22,Bogor
Hadi Wijaya,50,Bekasi
Nina Kusuma,63,Jakarta
Lina Wijaya,13,Balikpapan
Kiki Wijaya,5,Yogyakarta
Adi Santoso,10,Surabaya
Umar Santoso,69,Bekasi
Indra Santoso,66,Denpasar
Budi Saputra,65,Medan
Gita Hidayat,22,Bekasi
Zaki Saputra,47,Depok
Zaki Kusuma,66,Balikpapan
Putra Pratama,3,Makassar
Wati Kusuma,13,Denpasar
Oka Wijaya,3,Jakarta
Joko Putri,49,Jakarta
Gita Saputra,16,Jakarta
Maya Santoso,26,Bekasi
Rina Nugroho,23,Bogor
Joko Saputra,40,Yogyakarta
Budi Kusuma,19,Bandung
Zaki Nugroho,30,Bandung
Wati Wijaya,68,Semarang
Tono Putri,9,Makassar
Sari Sari,42,Jakarta
Rina Saputra,26,Balikpapan
Rina Pratama,55,Jakarta
Nina Pratama,61,Bekasi
Eka Permata,44,Malang
Fajar Hidayat,31,Depok
Citra Santoso,45,Jakarta
Dewi Pratama,43,Denpasar
Eka Santoso,10,Makassar
Putra Permata,68,Denpasar
Lina Saputra,57,Tangerang
Dewi Wijaya,61,Bandung
Nina Putri,47,Palembang
Hadi Permata,12,Bogor
Maya Permata,39,Malang
Joko Nugroho,32,Palembang
Maya Wijaya,70,Jakarta
Sari Pratama,37,Yogyakarta
Zaki Saputra,69,Medan
Tono Pratama,14,Semarang
Gita Santoso,31,Semarang
Budi Nugroho,4,Tangerang
Tono Pratama,16,Bogor
Nina Putri,56,Palembang
Eka Kusuma,8,Surabaya
Adi Sari,25,Semarang
Fajar Permata,67,Depok
Nina Putri,8,Bogor
Wati Saputra,19,Yogyakarta
Adi Pratama,51,Makassar
Budi Wijaya,16,Surabaya
Wati Nugroho,10,Denpasar
Tono Wijaya,2,Malang
Adi Saputra,12,Palembang
Adi Putri,19,Makassar
Oka Permata,58,Balikpapan
Wati Kusuma,55,Surabaya
Nina Sari,46,Semarang
Nina Pratama,10,Bekasi
Rina Santoso,30,Semarang
Eka Kusuma,65,Depok
Zaki Pratama,55,Tangerang
Qori Sari,29,Malang
Nina Permata,43,Tangerang
Oka Kusuma,24,Yogyakarta
Tono Hidayat,56,Bekasi
Tono Kusuma,67,Malang
Rina Pratama,21,Malang
Yudi Wijaya,42,Bandung
Fajar Wijaya,22,Surabaya
Maya Pratama,12,Palembang
Lina Pratama,13,Malang
Gita Saputra,36,Yogyakarta
Sari Saputra,61,Depok
Lina Permata,26,Denpasar
Zaki Kusuma,13,Depok
Fajar Saputra,42,Surabaya
Wati Santoso,67,Palembang
Sari Putri,65,Depok
Maya Sari,2,Tangerang
Sari Santoso,3,Makassar
Sari Sari,2,Depok
Indra Hidayat,1,Medan
Citra Pratama,54,Jakarta
Oka Kusuma,9,Malang
Indra Putri,44,Bekasi
Eka Kusuma,65,Yogyakarta
Qori Putri,41,Palembang
Dewi Santoso,51,Medan
Putra Kusuma,29,Palembang
Joko Pratama,61,Bekasi
Vina Hidayat,33,Bekasi
Adi Sari,66,Balikpapan
Nina Permata,9,Jakarta
Maya Sari,15,Semarang
Tono Wijaya,25,Jakarta
Wati Kusuma,49,Depok
Zaki Nugroho,10,Palembang
Kiki Permata,52,Bogor
Nina Wijaya,62,Palembang
Fajar Pratama,54,Surabaya
Vina Putri,70,Tangerang
Eka Hidayat,22,Palembang
Adi Permata,53,Makassar
Budi Putri,52,Jakarta
Citra Pratama,44,Balikpapan
Fajar Kusuma,35,Semarang
Indra Wijaya,46,Bandung
Fajar Sari,8,Palembang
Maya Wijaya,18,Tangerang
Putra Nugroho,9,Palembang
Fajar Nugroho,24,Jakarta
Putra Santoso,40,Bekasi
Eka Sari,5,Medan
Maya Saputra,29,Makassar
Adi Permata,57,Palembang
Gita Wijaya,9,Malang
Gita Wijaya,41,Bogor
Fajar Hidayat,45,Makassar
Vina Saputra,64,Bekasi
Citra Wijaya,11,Palembang
Fajar Kusuma,13,Malang
Gita Hidayat,38,Balikpapan
Qori Saputra,38,Tangerang
Kiki Wijaya,60,Malang
Vina Permata,15,Balikpapan
Yudi Saputra,51,Denpasar
Joko Pratama,50,Surabaya
Lina Hidayat,56,Bogor
Budi Nugroho,67,Malang
Tono Santoso,38,Balikpapan
Hadi Nugroho,68,Malang
Joko Permata,24,Depok
Dewi Permata,63,Malang
Wati Permata,57,Semarang
Budi Putri,18,Tangerang
Vina Kusuma,59,Jakarta
Vina Hidayat,45,Palembang
Vina Saputra,31,Makassar
Wati Putri,51,Tangerang
Dewi Hidayat,28,Bogor
Sari Saputra,10,Balikpapan
Tono Putri,8,Jakarta
Dewi Santoso,64,Balikpapan
Wati Kusuma,18,Tangerang
Hadi Santoso,38,Bandung
Adi Hidayat,54,Depok
Joko Santoso,16,Balikpapan
Budi Sari,21,Denpasar
Oka Putri,32,Yogyakarta
Maya Putri,6,Medan
Citra Wijaya,53,Surabaya
Adi Hidayat,4,Tangerang
Joko Kusuma,22,Denpasar
Budi Sari,22,Yogyakarta
Indra Wijaya,52,Depok
Budi Kusuma,9,Balikpapan
Rina Sari,60,Medan
Lina Kusuma,34,Surabaya
Yudi Kusuma,34,Jakarta
Eka Pratama,51,Yogyakarta
Budi Wijaya,1,Palembang
Budi Pratama,18,Medan
Fajar Permata,39,Yogyakarta
Maya Hidayat,49,Malang
Yudi Hidayat,42,Tangerang
Kiki Pratama,61,Malang
Yudi Santoso,64,Jakarta
Qori Hidayat,23,Balikpapan
Vina Hidayat,15,Semarang
Maya Kusuma,62,Medan
Adi Nugroho,15,Yogyakarta
Budi Pratama,34,Palembang
Eka Santoso,16,Depok
Budi Pratama,60,Tangerang
Yudi Santoso,13,Tangerang
Oka Putri,41,Balikpapan
Citra Saputra,62,Jakarta
Dewi Sari,56,Yogyakarta
Maya Wijaya,27,Bandung
Qori Wijaya,62,Depok
Joko Kusuma,36,Semarang
Wati Kusuma,65,Yogyakarta
Maya Nugroho,46,Surabaya
Putra Wijaya,15,Malang
Nina Kusuma,43,Medan
Hadi Sari,38,Semarang
Yudi Hidayat,39,Malang
Kiki Nugroho,18,Palembang
Zaki Hidayat,47,Yogyakarta
Budi Saputra,19,Balikpapan
Maya Kusuma,41,Bekasi
Kiki Putri,9,Tangerang
Citra Santoso,13,Palembang
Wati Sari,30,Jakarta
Umar Kusuma,49,Semarang
Gita Putri,55,Jakarta
Yudi Wijaya,34,Semarang
Budi Saputra,12,Bogor
Tono Permata,2,Bekasi
Budi Permata,38,Bogor
Dewi Permata,63,Yogyakarta
Lina Kusuma,50,Bandung
Fajar Saputra,36,Jakarta
Zaki Sari,10,Bogor
Fajar Wijaya,66,Balikpapan
Nina Kusuma,36,Tangerang
Kiki Sari,7,Tangerang
Adi Santoso,68,Bogor
Tono Hidayat,61,Medan
Fajar Sari,24,Semarang
Gita Sari,29,Makassar
Vina Kusuma,33,Tangerang
Tono Permata,7,Bekasi
Hadi Kusuma,20,Jakarta
Rina Sari,13,Medan
Wati Pratama,55,Balikpapan
Maya Putri,1,Bandung
Fajar Santoso,30,Medan
Dewi Hidayat,43,Makassar
Budi Putri,60,Jakarta
Rina Hidayat,24,Malang
Oka Santoso,19,Balikpapan
Qori Kusuma,69,Tangerang
Umar Santoso,3,Tangerang
Nina Pratama,69,Jakarta
Eka Pratama,56,Bandung
Nina Pratama,44,Medan
Kiki Wijaya,45,Yogyakarta
Nina Saputra,57,Denpasar
Eka Putri,13,Malang
Qori Nugroho,11,Yogyakarta
Eka Wijaya,13,Balikpapan
Yudi Permata,27,Palembang
Hadi Saputra,66,Bandung
Joko Hidayat,56,Medan
Fajar Sari,37,Bogor
Hadi Permata,56,Bandung
Umar Santoso,55,Jakarta
Eka Sari,8,Makassar
Hadi Santoso,14,Medan
Umar Santoso,65,Malang
Umar Saputra,54,Semarang
Yudi Pratama,59,Bogor
Dewi Putri,47,Denpasar
Kiki Wijaya,51,Balikpapan
Adi Permata,55,Bekasi
Citra Sari,56,Palembang
Rina Kusuma,66,Bogor
Vina Saputra,53,Bandung
Oka Hidayat,10,Bandung
Umar Permata,20,Depok
Lina Saputra,37,Makassar
Lina Santoso,31,Bekasi
Rina Kusuma,47,Medan
Sari Sari,57,Surabaya
Vina Nugroho,41,Jakarta
Eka Pratama,37,Palembang
Zaki Nugroho,60,Semarang
Nina Hidayat,39,Yogyakarta
Zaki Permata,44,Medan
Vina Saputra,48,Malang
Yudi Sari,55,Bogor
Oka Saputra,39,Yogyakarta
Oka Permata,30,Depok
Sari Nugroho,32,Denpasar
Yudi Saputra,57,Depok
Sari Hidayat,67,Palembang
Eka Pratama,62,Medan
Wati Wijaya,50,Medan
Rina Permata,52,Tangerang
Vina Sari,3,Jakarta
Budi Kusuma,25,Bandung
Sari Putri,66,Semarang
Sari Wijaya,10,Bogor
Citra Kusuma,52,Bekasi
Budi Permata,5,Bekasi
Budi Permata,39,Balikpapan
Gita Santoso,68,Bandung
Qori Permata,14,Balikpapan
Joko Santoso,41,Denpasar
Lina Putri,11,Malang
Kiki Sari,19,Yogyakarta
Adi Pratama,10,Malang
Indra Saputra,53,Surabaya
